{"cameraMode":{"drawMode":0,"name":"Shaded","section":"Shading Mode"},"sceneLighting":true,"audioPlay":false,"sceneViewState":{"showFog":true,"showMaterialUpdate":false,"showSkybox":true,"showFlares":true,"showImageEffects":true,"showParticleSystems":true},"in2DMode":false,"pivot":{"x":-2.051593065261841,"y":2.4969918727874758,"z":-0.24497674405574799},"rotation":{"x":-0.3294660747051239,"y":-0.4527449309825897,"z":0.1846863478422165,"w":-0.8076936602592468},"size":0.1495409607887268,"orthographic":false}